name,image,rank,url
K Shanmugam,https://upload.wikimedia.org/wikipedia/commons/thumb/2/2c/K_Shanmugam_crop.jpg/1200px-K_Shanmugam_crop.jpg,887,https://www.youtube.com/watch?v=f6vNQhY-sYw&ab_channel=KShanmugam
Cheng Li Hui,https://i.imgur.com/h02jxP6.jpg,865,https://www.instagram.com/cheng_lihui/
Cheryl Chan Wei Ling,https://s3-ap-southeast-1.amazonaws.com/pap-dr-wp/2020/04/Cheryl-Chan.jpg,1140,https://www.instagram.com/cherylchan.fengshan/
Desmond Choo,https://mustsharenews.com/wp-content/uploads/2020/06/singapore-8-3.jpg,1003,https://www.instagram.com/desmond.choo/
Lim Biow Chuan,https://upload.wikimedia.org/wikipedia/commons/thumb/2/2f/Lim_Biow_Chuan.jpg/220px-Lim_Biow_Chuan.jpg,1008,https://en.wikipedia.org/wiki/Lim_Biow_Chuan
Chan Chun Sing,https://www.parliament.gov.sg/images/default-source/default-album/chan-chun-sing-new.jpg?sfvrsn=f99f4c08_0,962,https://www.facebook.com/ChanChunSing.SG/posts/3227396103979017
Baey Yam Keng,https://pbs.twimg.com/media/Ea1bLSxXYAAzFUq.jpg,1025,https://www.instagram.com/baeyyamkeng/
Chee Hong Tat,https://www.mot.gov.sg/images/default-source/mot/about-mot/sms-chee-hong-tat2.jpg?sfvrsn=949f7237_2,975,https://www.instagram.com/hongtatchee/
Ong Ye Kung,https://upload.wikimedia.org/wikipedia/commons/thumb/c/c1/Ongyekung.jpg/200px-Ongyekung.jpg,1044,https://www.instagram.com/ongyekung/
Gan Siow Huang,https://www.giving.sg/image/logo?img_id=11689556,1136,https://www.instagram.com/siowhuang_gan/
Louis Ng Kok Kwang,https://scontent.fsin5-1.fna.fbcdn.net/v/t39.30808-6/226309903_402326884588390_4114844801287022804_n.jpg?_nc_cat=102&ccb=1-4&_nc_sid=09cbfe&_nc_ohc=ot2uplNJrroAX-Nygx0&tn=8KHdwQmcSAZpIdbI&_nc_ht=scontent.fsin5-1.fna&oh=a9c665be67cf52c1cb68925e088b5a34&oe=611A9F28,1106,https://www.instagram.com/louisngkokkwang/
Sylvia Lim,https://upload.wikimedia.org/wikipedia/commons/thumb/4/44/Sylvia_Lim_4_%28cropped%29.jpg/220px-Sylvia_Lim_4_%28cropped%29.jpg,983,https://www.instagram.com/sylvialim65/
Desmond Lee,https://s3-ap-southeast-1.amazonaws.com/pap-dr-wp/2020/04/Desmond-Lee.jpg,933,https://www.instagram.com/desmond.lee/
Lee Hsien Loong,https://flying-dutchman.net/wp-content/uploads/2020/07/Lee-Hsien-Loong-.jpg,1080,https://www.instagram.com/leehsienloong/
Heng Swee Keat,https://upload.wikimedia.org/wikipedia/commons/0/01/Heng_Swee_Keat.jpg,995,https://www.instagram.com/hengsweekeat/
Chong Kee Hiong,https://www.capitaland.com/content/dam/capitaland-newsroom/inside/2013/03/mar13_01_leaders.jpg.transform/cap-midres/image.jpg,1059,https://www.instagram.com/chongkeehiong/
Indranee Rajah,https://upload.wikimedia.org/wikipedia/commons/b/b6/Indranee_Rajah_%284x5%29.jpg,1113,https://www.instagram.com/indraneerajah/?hl=en
Liang Eng Hwa,https://upload.wikimedia.org/wikipedia/commons/thumb/c/c3/Liang_Eng_Hwa_2.jpg/220px-Liang_Eng_Hwa_2.jpg,1000,https://en.wikipedia.org/wiki/Liang_Eng_Hwa
Jamus Jerome Lim,https://upload.wikimedia.org/wikipedia/commons/4/44/Jamus_Lim_3_%28cropped%29.jpg,1000,https://www.instagram.com/jamuslim/
Gan Kim Yong,https://s3-ap-southeast-1.amazonaws.com/pap-dr-wp/2020/04/Gan-Kim-Yong.jpg,921,https://mothership.sg/2021/06/lawrence-wong-responds-to-press-con-meme/
Edward Chia Bing Hui,https://hypeandstuff.com/wp-content/uploads/2020/06/Edward-Chia-Bing-Hui.jpg,892,https://www.instagram.com/edward.chiasg/
Lim Wee Kiak,https://upload.wikimedia.org/wikipedia/commons/2/2f/Lim_Wee_Kiak.jpg,984,https://en.wikipedia.org/wiki/Lim_Wee_Kiak
Eric Chua,https://scontent.fsin5-1.fna.fbcdn.net/v/t1.6435-9/118226695_260764512310013_8100016171657110675_n.jpg?_nc_cat=108&ccb=1-4&_nc_sid=8bfeb9&_nc_ohc=Dukr1fnYUKEAX86fgYS&_nc_ht=scontent.fsin5-1.fna&oh=63e2e5cd10a48cb4ff4d9610b446d19d&oe=6138E9F2,1135,https://www.instagram.com/ericchuasl.sg/
Janil Puthucheary,https://s3-ap-southeast-1.amazonaws.com/pap-dr-wp/2020/04/Janil-Puthucheary.jpg,1002,https://www.facebook.com/JPuthucheary/
Tin Pei Ling,https://upload.wikimedia.org/wikipedia/commons/thumb/2/20/Tin_Pei_Ling.jpg/220px-Tin_Pei_Ling.jpg,1188,https://www.straitstimes.com/politics/ge2020-results-tin-pei-ling-retains-macpherson-with-7174-of-votes-against-ppp
Shawn Huang Wei Zhong,https://upload.wikimedia.org/wikipedia/commons/b/b5/Shawn_Huang.jpg,1016,https://www.instagram.com/shawnhuangweizhong/
He Ting Ru,https://upload.wikimedia.org/wikipedia/commons/b/bc/He_Ting_Ru_3_%28cropped%29.jpg,1011,https://www.facebook.com/watch/?v=321971562298343
Grace Fu,https://www.parliament.gov.sg/images/default-source/default-album/min-grace-fu_biz-suit-parl-(2018-05-16)579824dbcb5f64e2b198ff00006af031.jpg?sfvrsn=64c74008_0,920,https://www.instagram.com/gracefu.hy/
Derrick Goh,https://www.dbs.com/annualreports/2018/assets/images/gmc/derrick-goh.png,997,https://www.instagram.com/derrickgohsh/
Christopher de Souza,https://scontent.fsin5-1.fna.fbcdn.net/v/t1.6435-9/69546650_2644584708893313_6609143211782832128_n.jpg?_nc_cat=105&ccb=1-4&_nc_sid=730e14&_nc_ohc=8-ccMfefbVcAX9b2J8E&_nc_ht=scontent.fsin5-1.fna&oh=591cc377aaece03d449670869f43797d&oe=613A4F6F,886,https://www.instagram.com/chrisdesouza.up/
S Iswaran,https://theindependent.sg/wp-content/uploads/2019/04/Screen-Shot-2019-04-15-at-2.24.41-PM-1.png,1016,https://en.wikipedia.org/wiki/S._Iswaran
Kwek Henry,https://pap-dr-wp.s3.ap-southeast-1.amazonaws.com/2020/07/24093201/Henry-Kwek.jpg,968,https://www.instagram.com/henrykweksg/
Chua Kheng Wee Louis,https://scontent.fsin5-1.fna.fbcdn.net/v/t1.6435-9/206212123_222169109728687_5953681485779553111_n.jpg?_nc_cat=110&ccb=1-4&_nc_sid=09cbfe&_nc_ohc=z4A8s-mcIPoAX-3E1as&_nc_ht=scontent.fsin5-1.fna&oh=0bf38b7dae4d510c91c15d81783eafe2&oe=613C92CE,884,https://www.instagram.com/chuakhengwee/
Foo Mee Har,https://scontent.fsin5-1.fna.fbcdn.net/v/t1.6435-9/174227791_5557900500916895_3157237650305033810_n.jpg?_nc_cat=101&ccb=1-4&_nc_sid=09cbfe&_nc_ohc=pL944QPULgIAX9CuRlz&_nc_ht=scontent.fsin5-1.fna&oh=e6eeda2c8878c8207a4c870209547935&oe=613C5547,884,https://en.wikipedia.org/wiki/Foo_Mee_Har
Koh Poh Koon,https://www.parliament.gov.sg/images/default-source/default-album/kpk-suit.jpg?sfvrsn=d3674c08_0,1000,https://en.wikipedia.org/wiki/Koh_Poh_Koon
Darryl David,https://s3-ap-southeast-1.amazonaws.com/pap-dr-wp/2020/04/Darryl-David.jpg,973,https://www.instagram.com/ericchuasl.sg/
Gerald Giam,http://geraldgiam.sg/wp-content/uploads/20200208_Jewel3.jpg,837,https://www.linkedin.com/in/geraldgiam/?originalSubdomain=sg
Gan Thiam Poh,https://s3-ap-southeast-1.amazonaws.com/pap-dr-wp/2020/04/Gan-Thiam-Poh.jpg,961,https://www.instagram.com/ganthiam/
Heng Chee How,https://s3-ap-southeast-1.amazonaws.com/pap-dr-wp/2020/04/Heng-Chee-How.jpg,999,https://www.mindef.gov.sg/web/portal/mindef/about-us/leadership-biographies/biographies-detail/political-office-holders/02-minister
Amy Khor Lean Suan,https://www2.cifor.org/asia-pacific-rainforest-summit-2018/wp-content/uploads/sites/34/2018/04/web-amy-khor.jpg,989,https://mothership.sg/2020/04/amy-khor-clarifies-egg-hoarding-concern/
Mariam Jaafar,https://upload.wikimedia.org/wikipedia/commons/7/7e/Mariam_Jaafar.jpg,1000,https://www.bcg.com/en-sea/about/people/experts/mariam-jaafar
Muhammad Faishal Ibrahim,https://papneesoon.sg/wp-content/uploads/2015/02/prof.jpg,1000,https://www.facebook.com/muhammad.faishal.ibrahim1/
Joan Pereira,https://s3-ap-southeast-1.amazonaws.com/pap-dr-wp/2020/04/Joan-Cheng-Sim-Pereira.jpg,1000,https://en.wikipedia.org/wiki/Joan_Pereira
Poh Li San,https://scontent.fsin5-1.fna.fbcdn.net/v/t1.6435-9/205900325_374239700836161_2021715975942676498_n.jpg?_nc_cat=105&ccb=1-5&_nc_sid=09cbfe&_nc_ohc=wjx4WYgoctwAX8XwT8n&_nc_oc=AQlD8LiLkg65QNPG04HE0eIklTe10iIjnyjoAAEqzBTJn5B_TpZhtytO5C86f-yZU2aXAp98mC8GFR_k23horf5I&_nc_ht=scontent.fsin5-1.fna&oh=fa5e2e512966fb9b6a8523cc2de8bc2f&oe=613F0AA9,1000,https://www.straitstimes.com/politics/too-soon-to-tell-if-i-will-be-a-pap-candidate-says-changi-vp-poh-li-san
Pritam Singh,https://upload.wikimedia.org/wikipedia/commons/5/58/Pritam_Singh_Singapore_4_%28cropped%29.jpg,1000,https://www.channelnewsasia.com/singapore/leader-of-opposition-pritam-singh-duties-privileges-parliament-638081
Hany Soh,https://upload.wikimedia.org/wikipedia/commons/5/56/Hany_Soh.jpg,1000,https://www.youtube.com/watch?v=G56UheMbBE0&ab_channel=People%27sActionParty
Alvin Tan,https://www.uniconglobal.com/wp-content/uploads/2021/01/MOS-Alvin-Tan-headshot-2-edited.png,1000,https://www.youtube.com/watch?v=8E9X2t7emPw&ab_channel=MustShareNews
Desmond Tan,https://s3-ap-southeast-1.amazonaws.com/pap-dr-wp/2020/06/Desmond-Tan-Kok-Ming-1.jpg,1000,https://mustsharenews.com/desmond-tan-pap/
Teo Chee Hean,https://upload.wikimedia.org/wikipedia/commons/b/bc/Teo_Chee_Hean_2.jpg,1000,https://www.instagram.com/teocheehean/
Tan Kiat How,https://s3-ap-southeast-1.amazonaws.com/pap-dr-wp/2020/06/Tan-Kiat-How-1.jpg,1031,https://www.instagram.com/kiathowsg/
Sim Ann,https://upload.wikimedia.org/wikipedia/commons/9/90/Sim_Ann_5_%28cropped%29.jpg,984,https://www.mfa.gov.sg/About-MFA/Organisation-Chart/Sim-Ann
Sitoh Yih Pin,"data:image/jpeg;base64,/9j/4AAQSkZJRgABAQAAAQABAAD/2wCEAAkGBxAQEBAQEBAVDxEQFQ8PFQ8PDxAQDxAPFRUWFhUVFRUYHSggGBolHRUVITEhJSkrLi4vFx8zODMsNygtLisBCgoKDg0OFxAQFisdHh8rLS0rLS0tLS0tLS0tLS0rLS0tLS0tLS0tLS0tLSstLS0tKy0tLSstLSstNy0tLTgtLf/AABEIAP0AxwMBIgACEQEDEQH/xAAcAAACAwEBAQEAAAAAAAAAAAAAAQIDBAUGBwj/xAA5EAACAQIDBQYDBwMFAQAAAAAAAQIDEQQhMQUSQVFhBhMicYGRMqHBByNCUrHR8RRi8DNygsLhQ//EABkBAQEAAwEAAAAAAAAAAAAAAAABAgMEBf/EACMRAQEAAgICAgIDAQAAAAAAAAABAhEDIRIxBEEiMlGBkRP/2gAMAwEAAhEDEQA/APpoDAzYkMYgAQwAQDOdtrbNHCQ36srZNqN1vStyA6Bydt9osNg199U8XCnHxVH/AMUfNdvfaLiqylChHuF+ZZzS6y/Y8Lia85XlKc5t5vnfm28/kTa6fU8f9qKi7U8NlnZ1Klm/+MV9TBH7Vq188NDd5KUk/dnzWO/a6W8v7s/qHfyv/p7vC6aV/Rsm10+xbO+1DDzsqtGdPrCUai9smemwHajBV7KniIXf4Z3py9pWufnyFWK+OTh5xc4v1jexqo1Y2bjNNZJyj8FuvGHqkNpp+kEM+Gdnu0+Kwj+6qb1O+dKdnD0XD0sfS+zPbShjJd1Jd1WSvuy+GXPdfPp+pdmnqAACoQDABAMAEAAAhgAEwAAgAAKAAAgx7X2hDDUaleo7Rpxcnf5JdW8j4FtjatXG1nWm3434Yq7cY6JLke++1TaHe1KOCjml99Uina+T3VJ8IpZv0Pn2OcoWhSybV5VbJO3KH5V8+PExtZyJ1I06UbfFJ5tQtk/7mznus76e/wC5rw2y51GlFSk+jdvf+TuYXsTUlZt7vRybZhc5GyceV+nmY1ai0Xs2i6Mpt3s/O37NHuMN2QjG13c6FPYUVpw5pPIwvJGycF+3zvflpJby5xtf1TWZi7iLldJwlwlT8D9tPRn1ZbCpPPcz/wBqSKa3ZejK+W68/Rk/6xb8evmM6coJTi+rjHJPm0uD5x/g1YfEyUqdWD3ZKzjOOXiVsuj06aaHsMT2Uau4u6fD/Op5naOwqtG9k9xtuy4Pn+hnM5WvLiyj7V2V2msRh6c+Mknbk9JJcle+R2j8/wCwO2WJwfggotJ5qV3lxSs1Y+ydkO0cNoUO9jHclF7s4XTtK18uhtl202O4AxFQgGACESEAgGICYDAIBDAoCuvVUIynJ2jFOTb4JK7LDz3b3FKngMQ72co7izs96Tsrfr6EHxrau2JVa9eu85Vpyab/ACJ5R5WVo+yOlsXYsqzVSp+Kz9DibNwne14QVnFPN8N1PRdD6hgqCikkuhzcuWunZwYS91bgNnwppKMUkrHRUEQp2NNKz4mh1qO6L4UVyJumiajyApnSXBFMomxwK5xQqsTVjJiqKks1c6VW1tTDVZjs1t8z7UbJVGqppeCTu/7T0H2SY/usXUoN+GvG6Vvxwu/T8Rs7SYRVaE1xWZ4HZ2PlQxNCstaVRS1a0d7X8m0dXFluOHnw8a/SQFeGrKpCM46TSkudmWHQ5QAAAgGIKBDAiJAAyhAMAEfPvtfxm7QpUkvik5N24LJJe/yPoR8/+1nCuVOlP8MN7PqyVZ7eG7HYVbzqS6tL6nvqWiPMdlcP4b2tp8v8R6SpJR14HFyXdenw46xb6b4F1GDucWhtZZpLeenI6GC2u9J0mlzUuHkyzBlc5HTimuORNXCFeMtE/Nl24LDapsz1ZPlc17pmxFeMVz8ieJuMVWL5Gaov8RZV2nHRwfzftkY8RtOC0i8uYuFPOIYiG8muDTR8x21gtyo7aX9mfUKVpZxd0+R5Ttbs6y34rin8y8V1dNfPjvHb6d2KlN4Ghv3uo28TTulo7rVHcOL2MoShgaClru39G8vkds7XnEAxBAAAACGADGAAAAAAea7f4ffwc7K7i1K/Kx6U5HauUf6WtCUt1zjKKybd/JCspLb08L2ap2pJ67zbOjiqW8uWhj7Pr7pr8smjfUqqz6HDl1XqYd4wsDhILhdrn9EdKlQXBenI85Tx737QjOo7rKCyWfGTyRCh2qk63cqit60pOMqu7NOM9y2cUm+Ks9DKTK+kyuOPt6+nllaxqpzOXszaka90spRdpRdm0/Nao6sI2TEEZ6cyh2/k02TWRx9qYvuE5STaWSSTbb5Ilq6TrUIvVLL0MuKwlNr4VHhdcTibS7USpd050oLvZQjHerSvaTau2oOMbWzu75o1S2o2oylCUYyu01442TtfeV7Lir2uXWUm2G8bdfbXQwcYZrK7MHaKlvUJPinFrzub4YxTirZ+TKdrxvQndauGV7fiXEwn7Msp+Ne42XG1CktLQh+hqMGx8ZGpBRS3XTSi43TtZdDoHdLLNx5mWNxuqQABWIEMAEAABIAGAgAYAeb7T4Rzq0JX8Npxa6pN/U9Icrb2lN8m/oYcn6t/xrrkjyGz8PuOtCztvKWfG6/8L40FJ2ehrk7t9LR9E2i3DU073OXJ6E63FMMMl/p2X6exJ4KpN3c0vKJsjR5GlQ3VduxBmw2FjDRWfGVtbFlSvmR/qY8F5Pn18iEINu5dGlvecBypp6r/AMKpQd7k1iss1d/qNLYy1Nn2d42z6FdWg3rGDtwaOnSnGSumEqJNI4rwVs0rdEKtTdoJK/jT9Em/odevDKxhr1O7Tlru5/QRPbZsZxhiZJf/AEhCfrn+x6I89salvV9/hGNvS7dvmeiOnh/Vx/L15/0QABtcpAMQAAAAxgAAAAAGTatPepS/t8Xtr8rmshiI3hNWveMlb0JZuMsLrKV43RyXPP6muhqYquU0aaUszkerPbrRkoxvxONtidSpaMOOr6cjdKeWbMlLEKWazzfyJ7qya7Tw+7HKeVl9Ddh68LdNTDWoxrxcZxuuqMkMG6No03aP5Xml5cjZpL27lScd0xSrUpZQab42aeZiqqpJ7rkt3pk30uaKGGUNF6k0m9McJTp1L/hlquT5ncw2JUrGDE5pley6+9vRatKLsY3pd7jpYqzeRzq8FO6emXyd/oa5S+Rn3b6dSMXZ2HTtCUvzyb9Fp9TpGfARtSpq1vCsjQdeE1jHncmW87QAAZNZAMQCAYAMAAAABgIYAB5jtJR3ailbKaT/AOSyf0MVKeZ6XbOF7yk7K8o+JfVex5mKsc3JjrJ6PBnvGT+F2NoSnSmou0nGVnxvY506joU4+GW7BLOMHJ6ZvLzOzhZ8CTjqvPI1zpurh7I2t/UpOgpTT4vditZLO7vrF+x2cPgsTLdbppeFSzmtOT6nHWD7iq50aajvPelux8MnZpOSXHN5nXwu0Zq26npFWcnwWeTRmms/rTQsDXag1TjFN28crtZN3aX7nN25iJYWjKtVdNQje/jad72illm3Y2zx1e3xcuErp3vw9jnywDqzU6sb2d1vr4c7+FcNXn1F2njn96jHsXH18TDvP6Z0YvR1J+Jrnu2y9TqYLCuG9JvOTu/ZL6G6KSVkU1JWRhlVirfNWy4XqR42u37fwYJM7Ww6eUp8/CvJa/50LxzeUaubLWNdUBiOx5wAAABDEAAAAMAGUAAAAMBEDPNbUwu5N2Xhd5LpzR6Rnnu1WJ7uphY8Kkpw9oOX/Uw5J+O27gt8tObCq000bVK6ujBVjZ+Zbha1snxOZ3tShxTzFOM1yfkrFtJrQnVaLF32rpb7429mOas88+rJ4a2gV2gdbVupaLfMx95e5ZVd8jOomFSVfRpObUVx4npsNSUIqK0SscbZUlvvna31O9E6eLHU24vkZW3RgAG1zgQwAQDABAAAMBAAwEADIznYlYg4XZlIJ0FxZ5P7R4OP9FW4UsRHe/2zhOH/AGR7Gmjn9pNmrE4epSeTksn+Wazi/RpMx5JvGxt4cvHOV5qrG6TWf1RnvzHseo3T3J5OPhaeqksmvc0zw5wSvRsV70lpn5aj/q+eXmCptaZDVR8Vf0Nm2HcOWKXB59CynJsUZrkWK42ndQkQjEucSnFT3Y5fFJqEf90nZP0ua6ykatlxe9J9cvT+D0Em0rpX6GDZ2E3YxXJWOqo5HZxzU04ea7u1VKqpL5EynuUrpaPPyY6cmsnnY2NK0BKVyRAgGIAAAAiK/qFvX5ImkXQio8/YazdiUsgpr5lU2DQcRrUQq2KJSV1YrlNJNt2SzbeiOBtjFyrRlTi3CDyusnLz6dASOXtzCuhX72K+7rZ3Wino/fX3L6Mt5ZZ9OPoQ2Gt6M8LW+B3cb6wn/b56irYWeHlaWj0lwZx8vHcbuenocXJ5TxvuJTsQRqpzjJZinhY6p2NbYqikTSRZSw8Vq94lUklpkEUtc/YpweHdbEQdvu6Sc78HUeSXonJ+xdgsPOvU3NILxTmn+HhFdX+56NUYwSUUklkkuRs4uPfdauXk8fx+zp07Fqkvhut7Xdut7d0vbkV3ybeSXE87tCrN1e8jeLjZR5pL+X7nXI4729HKJCrHRlezsYq0L6SWUo9ea6F9VZCsZ1UHHiNEqOeQ1GzsRURClBrTQEwxMAGBfKgiCp2LpSIyKrNU1sWJEYK7uWFVXYkiSiQr6WQRytpVnN20iuHN82UYahc3LDbxpw2Hsirthr7LvaUcpL5rkzTRanHcmk2uElc3JFVWgnnxIbc6tseL/wBN7j5P4X+xzq0JQe7NNP5PquZ6KErZMlicNGpG0ldc1rF80aM+GX1034c9nWXcebXmUzpuUlGCvKWS+tynaVSWHnuSeWsZWylE7ewcI1HvZq0prJPWMPo2aMeO3LTpzzmOPl/joYLDxowUI5vVy4ylxbJzfqyTyIKJ2SacFu7sSg2s/wDwwYjCXOpwE4XKjhUKcqc1KPDVcGuKZ3E1KN1oyLwyZKhT3cuAKhRyZdNEXCzLWiBbt0VTotdUaIIl0CMLVuoGiUBlQUncjWYYX4bhLNhUYqyJJCZJAMjKNxiuAKKBA2IoY7kQAU0mVxqW4+v7kpMoqyAdfBU6koTqRU9x70U80pc/86GmoxRSskRnqyGyJpCiiaALEkK40BJAIZAWGwGwCAVdUwROosvmBFICVLQCClK0UuhBlkyp5syDiiQCACLGxAFgYxMoGRcgbISYEXmVYnWK5tF9NGbFZ1ILqijcVvUmiM9SJEkMSYyKBpkWNATuFyJJASTGRJIgIlvApWpatAIOVkBGfIAI1JCirAkSKIsQAAmAMRQ0KRIjIgi2QGwSKJQMjzrR6X/Q2GWir1W+SYGwhJZkxS19AiIKRJkbBTY0NQbGoMiEOLzHuMO7fMB2JIFFjUWFKXMsjoR3WwjdakEZ6iHLVeogEgkMhJlAhiQMCLY0RJooCEibIMCNiSQJDATKcOvvJ+SLWVYV/eT8kBpT1VtBSadvUnb5kJx09QhMQMAqynoSIU3kSuENMkmQTHcCwZGJIgkhSGhMiq2BVjZuMLrmgBI//9k=",1017,https://www.channelnewsasia.com/singapore/ge2020-potong-pasir-sitoh-yih-pin-pap-spp-952606
Saktiandi Supaat,"data:image/jpeg;base64,/9j/4AAQSkZJRgABAQAAAQABAAD/2wCEAAkGBw8PEhAQDw8VFRUQFRUVEBUPDxAPDxUVFRUWFhURFRUYHSggGBolHRUVITEhJSkrLi8uFx8zODMtNygtLisBCgoKDg0OGhAQFy0dHyUtKzAtLSstLS0tKy0tLS8tLSsrLS0tLSstLS0tLS0tLS0tLS0tLS0tLS0tLSstKystLf/AABEIAP0AxwMBIgACEQEDEQH/xAAcAAACAgMBAQAAAAAAAAAAAAAAAQIDBAUGBwj/xAA7EAACAQIDBQUFBgYCAwAAAAAAAQIDEQQhMQUSQVFhBiJxgZEHEzKhsSNCwdHh8BRSYnKCkhXxQ6Ky/8QAGQEBAQEBAQEAAAAAAAAAAAAAAAECBAMF/8QAIxEBAQACAgICAgMBAAAAAAAAAAECEQMhEjEEQSJRExRhof/aAAwDAQACEQMRAD8A9OGAG2QAwAAAAAANft3bNDA0pV8RK0VkklecpPSMVxf/AGwNgaHbvbDAYJuNaut9f+OmnUqeDS+H/Jo8n7S+0bGYtyhSm6FJ5KFBr3rX9dXXyjbxZydGnSfxJ+v1JtdPUsd7YaSdsPg5S61qypL0jGX1NdP2r4qWlKjDxjWq/NNHBulSSyuvDNfUhuw4O3gybXTvl7Usas1TozXFwc15Wenib7YvtWw1RqOKpyovTej34X68V45njsqed08+DWV+fmKcd6Lf3o69VwaGzT6a2ZtbD4qO9h60ai47srteK1RmnzJsba9bB1adejNpxeeeUl/K1xTzPecF2xwc6FKtOrGLqRu4Ocd5NZSWfXTndFlTTogNfs3bWGxKvRqxlnZrSSdr2afQ2BUAAAAIYAAhgAgGBAAAFAADAQwADA23talg6M69Z5RWSVt6UuEY34s+f+1XaLEbRrudWWUbqnThK1OEeSvq3xfH5G09ovaWW0MTKFKX2NJuFN8JWylNeLv5JeBzVGMKabbTfjvfJaGbVkTw9CD+Oi0ud5r56FlShD7kk1/fn80jIweDrV/gi0vNX/M6DBdlNHUa0ztc88uTHF7Y8WWXqOPlTfLTpZ+a4lcqcuXgejQ7O0rZp2XC/wBC1dn6XGLseX9iPb+rk8zjLLNdScKivG6zWuWq0O/xPZik/hXqanF9lmr7n7/djU58axl8fKOVpUu4n/LJR65y/Uy69SMVSUUr572V/Cy9fQyZbJqQi1bVp+il+fyMOzg91xz/AKlzf0PSZS+nlcLPbbbL2rLDS342vlvRdt1pO6vu6Nap3unmey9j+01LH08napBfaRvm1wmufC/J+R4NKClpup9Hdeav9DJ2Ltmrga9OvBZ05LeS7u9H71OXNNea1NysWPpEDF2XtCniqVOvRleFWKlHn1i+TTumuaMo0yAAAAQwAQDABDEMIAAAoOA9qfbB4On/AAtJXqV4tSknbci1ov6mvRO/I788B7f4l4nH4hRblGlJxjk7Jqyl5Jpq75EpHIuU3rpwS/Gx0HZvY7ryUpq0Vnpr+hi7MwPvqijk7a7sbI9F2dhY01uxWnI5ubk8ZqOvg4vK7q3C4aMEklobCnRI4aGZtsPSXI5Nbd/UYEaQ3SNh7oi6RNHk1zo9CipRsbVU0V16S4DS7c/icJGazRzO19lKW80s+NjtKtJmsxdFO/U1jlcaxlhMo8xr0ZRbSlnyd16C981lJeuZsdvUbSl0Zr6He7r1Waed7fivod+N3HzM8dXT1L2N7UkvfYSTbi7VKV+D0nFeKSfkz1A8L9nuKjRxdHOyk91Xy3W9Yvo/x6nup6R50gGIqABiAAAYCAAAAAYFWJdoTadrRefLLU+bpRleSk2k227pp+HifSWI+Cf9r+h877TnerUvm5Sy0iteSyS8DOS4tt2XoxTbSOuoxtnzNNsLCe7gm9Xn+hm1toRj3b8ba8T5+f5ZdPq8c8MJtuKLzuZ1Kq+RqsFjqNlvSt45G9ws6Ul3JJ+DHhV88UFU5hKZkunFlXuUTVa3GJKbITqMy5Ris215tIwcRj8PHJ1Y38UPC0uUiuSMPE0SvGbTjHOLv8vmRw2NhVtZ+PQlxs9pMpfTme0eDzU7cLM5LEU7Susrft/ieo7QwkakZRfE872pQdOclJcbM6OHL6cvyMPtkbFp3qUnH4m4tX+G6eSb5aH0TF6Hzx2XpqWJwseDqJJq7ab4W5ZH0QjqjioAYFQgACgAAIEAAVAMACg8I7QbOcdp1KWv2l8luxjDVa6RSsrnu55h7QpUZbQwsIRW+oydaXB5Nwj4rX0MZ+m+Obyjlds9qnQk6VKipNS3M6sVK+WlNXklmrN2uUwo113604U283GnHeavznJ29Eb3GbNjVdGVlenVjPRb1kpZX5Xt6IwNuYapO26kurv62sckskmpp9G4W2+V2rp4SnUV3iKj/wAabX/wTo4WpTzw+I04Sgs/KLiS/wCDr+6i6VSLlaW8pylGGcWk7R4pu6FDAVIwza37rSo5QSUUnm87t3fma3de2fHvXi2WG7brDNU8anB6xkt6pCa6NK6a5NepbifaJs/7leXlRqfijBnhbVKE2lLdjV+JX+JR063WvibnbWzIxw84wim6lNxacd7OUeRi+PW43rLvVaWvjcRikpSl7qE84xa36269JSfwxfSz11KaezaOe/Wk3x7yT81FIyMZhZzSUXZ2WulrfN9CrF7AdWNNQkoONt+8PeKdpKSvf4dNE9DUv+6Zyx63JtRiNn0fhhiKkXw7ys/9o2NbtSeOwChWjUjUhe15U0pRb03t1q6fM31Xswt26qbucm91KKzd7Wvay4GVPY0p0HSbTvu2uo3yknfLwHl3r2zcLrfqnsHac8RByqRStKycY1Yxkt2L3kpxT4teRou2dBOUJLdTd13nuptaZvL5nY16bT0S8Ls5ftpQcoUvF/NGOO/n6a5cb/H722/sg2HvVauKqRt7nuQTaa33dSduh60ef+zSu6N8K42vFSk+crN39EegnbhlMp04OXjywy1SAYGnmQDEAhgMCAwAqAYhhSZ5P2qw7/5Te/pfzTa+p6wcd2x2farTrrRrdfilx8reh5cs/F7/AB7PLVajCw6EsRhb6cS3DcDaxwKmrp2a46/I452+leu2jWzna25/7NA9mxSu4/U3M6c4/wAvzRhV51J91NJcWs35DSsGGH35J2yhkur19EbTE09+Nnxy8+ZVTW7aNraWNjiqTSV0SzaxpsNRS7slmsnflwfp9C6Wz4vS68HYJ05Td1k1o1qTo1Z6Say6MJpCOBjHN5+N2ZNKGS9cy2NFy1krdEZbwySzfqWRK1OIV7mo2hgnVlQSecZ36G7xMTDxF0k1qpL8hKzrdkW9l4P+Ok+Stl/ZI785zspg43rV7fFJxj4K13++p0h18M1i4vmZzLk6+pIQDA9XIQAAAAAFRAQyoYAAUGp7TUlLDzf8rTXrb6Nm3MDbOElWpShF55PPR24GcvVawuso4ei7WNrh8Q7GspwyMimnbxPn7fZizFVrvdT1+SFGlu5x4cGY+Hg1Oblwy6Wt+oR2hQ3t1VotrgpJvwaLjPtm36Wfxlab79LdUdHFqTduasjMe1Y2bbv0cXceGxdPmRnUpt3/AAN2El/SiniqmTppJPXeTTtyy0Jypttt8VYnOtSXH5GFj9s0KCTqtwUvhcoSz+RNM22JUq7pSUZaP4enQ2LxLsabGVVUpxqQs95x3GuN2szOUGlZnnempdztGoyuldp2/fUunTsjYdn9nxqKUpt2TWSyvzv8jWGNyuoxyZzGbrfbJwqpUoQ5K78Xm/qZgojPoSamnysrbd0AABCAYBCAAAiAAUNDEMAEyQmBxe1cP7qvNfdm96Pn+tyi9n+9Dp9u7P8AfQvH44Zx684nJxqX14HDzYeNfU+PyeWP+xk1ad/8kc7X7MwpVo4nDvdkr70XnCV9bo30JqSWenIlGonkzGOWnvZL7ivBVU2t6nTdrX+68lz4GX76kr/Yx8N+UkW0acdd0jOWdrHr5JrH9f8AWHiN/daUoLJxtCNnZ9dbmsexI16iq4hyqSgnue8fdV7XtFZcPE6SFmtDFm9fmYyzJMf0op4VLcirWTTS8C/euyEZWTnLwRTGp1PK3dVdWqXyOk2DS3aMf6ry/BfJI5VXk7I7nD092MYr7qS9EdPx53a4flZdSLUMSGdTjAhgAgGIIBDACAxDRQwBDAAYABFnG9o8H7uq5R0qd5ePFfvmdkzmO2VSyo9ZSXnu3t8n6HnyzeL24LZnHPRquLy04oy6DTf79DBkx03Z5HD0+nuuiwzVs3mV1Ki/epr6OMTspZNZX/MtlNczVpGdB5GHNXdr5L4vyKni1FWTv1K5tvXTlz8TNTfYxFbe00WhGKItXJrIxtdLIYmFGUJzfdjKLl4XR3VKaklKLumrprkeQdqsValKEbudTuwitW28kutz1LYOFnRw9ClUd5wpxU3/AFWW98zr+Neq4vlzVjYgAHS5AAAEAAACAAAiAiRQDEMAACMpAEjnO2mFlPCznBXlRcaqXNRffX+u8b67epNR58RcdzTWOXjlK81w27UipR4+pJ0mi7b+yngKqlSX2NV91fyS/k8OXnyMrCyjVjdeZ8zLG43VfXmUynlGqldfEr/UnB03q5L/ACZsKmH5FcsN0+RNqhQUF8Kv45syFFvUVOjbgSlUS1IHumLjMRGCfQdbEGrrxlVe7FauyS4t6IaWRldidkPGYt4qovs8M+5fSVV6f6p38Wj06SMPYezo4WhTpJaK8usnnJ+pms+jx4eOOnyubk889oxmnx/MkYlaOafPyMmLVjbySAEwCAAAAEMQERiE2USuJyBRb42+bJpKP5lVW7+H1/QlNd0jHmW2AopRyRMlGNhFGPtLAwxFOVKospLzT4NdUeewoVMNUlSm7Sj5RmuEkejVq27ktePT9TX7R2PDFqDm5KUL7so2bs+Ek9UeHNxec69ujg5v47q+nLSq3Wf5P1CGKS1fqZmM2NXoJvKpBauCzXjHX0uaqag+HozhywuN1XfjnjlNxfiMekrJmuliXJ5CnRh19TZ7B2Q8RPuq0Ivvy1t0XUuONyuo1cpjN1jYTAVazShFtvl9XyOv2LsCOHtUq2lNfCk7qP5s3ODwkKUd2Ed1dNX1b4slickdmHDMe6+fy/Iyz6nUO981oxIwqFVxeej1/MzEe0c1imtHNIssNxzuMCtPp6ZFmf6ojUjxJU5WAEA5c7fgRT8/k/TiAwEmBERsuP5Dir8LIe5zJs0qDdiEmSaIyAlFZE46BGI0AmQnLdV+PD8y61zGlBzl0WSAwalJp73Nmzw0G0i+NFWs0Rpx3cnpwIt7VSpyXA5PtPsJpSr0IpKKcqkFfhrKPlqjtnBFU4PxRMsZnNVrDO4XceNxxV2epdmIx/haDUUrxu8tXd3bOCx/ZWtHGqjRj9nVvOErd2EPvKX9t7dbrmel4HDqlTp0o3tTiopvV2Vrs8OLC427dPyeTHLGaZJj10XXsRaue7ka+VG7MuKyXoW+7Q93IpVMgHJAkEOxU8jIRVVQDgyFSFsxwLWroKx7MZZFAECBoYFEGQSuyyQqaAsQhkQJRZZFlaGgLLilmRuFwHGfAHLkQmKjJt21AtcQeQ7kpIyKUidgQFARY2yLATIjYgJRY5q6IosQFNMuiiuSs7lsQIWzAlNABGSENO7YpFFc2TgiMVdltgIsiNiAaGhIaAbItkmQAiyzDrUkojpLXxAsUQmSiRmQVxBghMBMTGyJQICVgsQRJRFYaQE5RuiNMnATVn4gOaAnYYGPDVkJu+Q4Z3LIwsUKEQkyZWwI2CxKwAIBMACQoDY4gWIlSWT8SuLLabyIJkZEiMgKkIYihMEDBAMdgQ0QKw7Ekh2CoonON0FiUSApO6AUVZsAMeirK/Me9mR5BS1ZpFrQrEmIgi0JkmRZRBgMGAAgGgBsvpaIx5IupfCvAgtISBSEwKmJsbIooaGAwBEkRRNEU0NISJIgkgBCkAPUAfAAj//Z",1015,https://www.instagram.com/saktiandisupaat/
Raeesah Khan,https://upload.wikimedia.org/wikipedia/commons/thumb/5/5d/Raeesah_Khan_2_%28cropped%29.jpg/800px-Raeesah_Khan_2_%28cropped%29.jpg,985,https://www.instagram.com/raeesahfaridkhan/?hl=en
Muhamad Faisal Bin Abdul Manap,https://www.wp.sg/wp-content/uploads/2015/08/wpmp_profile2_faisal.jpg,968,https://en.wikipedia.org/wiki/Muhamad_Faisal_Manap
Josephine Teo,https://www.parliament.gov.sg/images/default-source/default-album/photo-for-parl-website909628dbcb5f64e2b198ff00006af031.jpg?sfvrsn=bfc94c08_0,984,https://www.linkedin.com/in/josephine-teo-104054184/?originalSubdomain=sg
Ng Ling Ling,https://upload.wikimedia.org/wikipedia/commons/b/b0/Ng_Ling_Ling.jpg,1017,https://en.wikipedia.org/wiki/Ng_Ling_Ling
Rachel Ong,https://upload.wikimedia.org/wikipedia/commons/thumb/1/14/Rachel_Ong.jpg/220px-Rachel_Ong.jpg,968,https://en.wikipedia.org/wiki/Rachel_Ong
Nadia Ahmad Samdin,https://upload.wikimedia.org/wikipedia/commons/b/b0/Nadia_Samdin.jpg,985,https://www.lawguidesingapore.com/directory/lawyer/nadia-ahmad-samdin/
Denise Phua Lay Peng,https://upload.wikimedia.org/wikipedia/commons/thumb/1/15/Denise_Phua.jpg/220px-Denise_Phua.jpg,1025,https://en.wikipedia.org/wiki/Denise_Phua
Mohd Fahmi Bin Aliman,https://s3-ap-southeast-1.amazonaws.com/pap-dr-wp/2020/06/Mohd-Fahmi-Bin-Aliman-1.jpg,986,https://www.instagram.com/fahmialimansg/
Sharael Taha,https://upload.wikimedia.org/wikipedia/commons/thumb/5/52/Sharael_Taha.jpg/220px-Sharael_Taha.jpg,1019,https://en.wikipedia.org/wiki/Mohamed_Sharael_Taha
Jessica Tan Soon Neo,https://3er1viui9wo30pkxh1v2nh4w-wpengine.netdna-ssl.com/wp-content/uploads/2015/03/jessica_tan.jpg,953,https://www.linkedin.com/in/jessica-sn-tan/?originalSubdomain=sg
Sun Xueling,https://www.msf.gov.sg/about-MSF/our-people/PublishingImages/Minister-of-State-Social-Family-Development-Ms-Sun-Xueling.jpg,1014,https://www.instagram.com/sun.xueling/?hl=en
Ng Eng Hen,https://upload.wikimedia.org/wikipedia/commons/d/d6/NgEngHen2017.jpg,1015,https://en.wikipedia.org/wiki/Ng_Eng_Hen
Leon Perera,https://theindependent.sg/wp-content/uploads/2016/01/leon.jpg,990,https://en.wikipedia.org/wiki/Leon_Perera
Rahayu Mahzam,https://upload.wikimedia.org/wikipedia/commons/d/da/Rahayu_Mahzam.jpg,1028,https://www.linkedin.com/in/rahayumahzam/?originalSubdomain=sg
Tan Kiat How,https://upload.wikimedia.org/wikipedia/commons/5/5c/Dr-Tan-See-Leng.png,979,https://www.mti.gov.sg/About-Us/People-at-MTI/Dr-Tan-See-Leng
Murali Pillai,https://upload.wikimedia.org/wikipedia/commons/thumb/8/8a/Murali_Pillai_%28cropped%29.png/220px-Murali_Pillai_%28cropped%29.png,1035,https://en.wikipedia.org/wiki/Murali_Pillai
Carrie Tan,https://upload.wikimedia.org/wikipedia/commons/7/7d/Carrie_Tan_%28cropped%29.jpg,1006,https://mothership.sg/2020/07/nee-soon-grc-carrie-tan-interview/
Dennis Tan,https://upload.wikimedia.org/wikipedia/commons/thumb/c/ce/Dennis_Tan_Lip_Fong_3_%28cropped%29.jpg/220px-Dennis_Tan_Lip_Fong_3_%28cropped%29.jpg,969,https://en.wikipedia.org/wiki/Dennis_Tan
Tan Wu Meng,https://upload.wikimedia.org/wikipedia/commons/thumb/c/c0/Tan_Wu_Meng.jpg/220px-Tan_Wu_Meng.jpg,986,https://en.wikipedia.org/wiki/Tan_Wu_Meng
Mohamad Maliki Bin Osman,https://upload.wikimedia.org/wikipedia/commons/thumb/4/43/Johannes_Peterlik_Maliki_Osman_July_2018_%2843440550432%29_%28cropped%29.jpg/1200px-Johannes_Peterlik_Maliki_Osman_July_2018_%2843440550432%29_%28cropped%29.jpg,1012,https://www.instagram.com/maliki_osman/
Masagos Zulkifli Bin Masagos Mohamad,https://www.parliament.gov.sg/images/default-source/default-album/min-mas.jpg?sfvrsn=7ecc4c08_0,974,https://en.wikipedia.org/wiki/Masagos_Zulkifli
Seah Kian Peng,https://sias.org.sg/cgweek2017/images/seah-kian.jpg,1030,https://en.wikipedia.org/wiki/Seah_Kian_Peng
Tharman Shanmugaratnam,https://scontent.fsin5-1.fna.fbcdn.net/v/t1.6435-9/30708028_2053305781365569_4917036129925988352_n.jpg?_nc_cat=105&ccb=1-5&_nc_sid=174925&_nc_ohc=XN_Sn7X5POUAX8nwkMv&_nc_ht=scontent.fsin5-1.fna&oh=4d28e6e629b266a7d531e3a421bd9e4d&oe=613E04AE,1000,https://www.straitstimes.com/politics/ge2020-results-tharman-leads-pap-to-thumping-win-in-jurong-grc-with-75-of-the-votes-rdu
Vikram Nair,https://sg.rajahtannasia.com/media/1128/vikram-nair.jpeg,1000,https://sg.rajahtannasia.com/vikram.nair
Zhulkarnain Abdul Rahim,https://upload.wikimedia.org/wikipedia/commons/1/1a/Zhulkarnain_Rahim.jpg,1017,https://www.todayonline.com/singapore/ge2020-paps-new-candidates-chua-chu-kang-grc-come-less-represented-backgrounds-say-their
Alex Yam Ziming,https://upload.wikimedia.org/wikipedia/commons/6/6f/Alex_Yam.jpg,1002,https://www.instagram.com/zayam/2
Melvin Yong,https://s3-ap-southeast-1.amazonaws.com/pap-dr-wp/2020/04/Melvin-Yong-Yik-Chye.jpg,1010,"https://en.wikipedia.org/wiki/Melvin_Yong#:~:text=Melvin%20Yong%20Yik%20Chye%20(simplified,SMC%20since%2010%20July%202020."
Xie Yao Quan,https://upload.wikimedia.org/wikipedia/commons/c/c6/MP_Xie_Yao_Quan_%28cropped%29.jpg,1016,https://www.straitstimes.com/politics/singapore-ge2020-pap-names-xie-yao-quan-to-replace-ivan-lim-in-its-jurong-grc-team
Yeo Wan Ling,https://upload.wikimedia.org/wikipedia/commons/9/95/Yeo_Wan_Ling.jpg,969,https://www.linkedin.com/in/yeo-wan-ling/?originalSubdomain=sg
Yip Hon Weng,https://hypeandstuff.com/wp-content/uploads/2020/06/Yip-Hon-Weng.jpg,974,https://mothership.sg/2020/07/yip-hon-weng/
Low Yen Ling,https://scontent.fsin5-1.fna.fbcdn.net/v/t1.6435-9/142639207_3722919397757758_932979979356778857_n.png?_nc_cat=103&ccb=1-4&_nc_sid=09cbfe&_nc_ohc=zAW4b88hOTIAX_G4xXI&_nc_ht=scontent.fsin5-1.fna&oh=60650f5f413127cdafaeb355e8fdfe71&oe=613CDAFB,969,https://www.instagram.com/lowyenling.sg/
Wan Rizal,https://s3-ap-southeast-1.amazonaws.com/pap-dr-wp/2020/06/Dr-Wan-Rizal-1.jpg,1016,https://www.channelnewsasia.com/singapore/ge2020-pap-new-candidate-wan-rizal-meet-the-people-session-944356
Vivian Balakrishnan,https://s3-ap-southeast-1.amazonaws.com/pap-dr-wp/2020/04/Vivian-Balakrishnan.jpg,1006,https://twitter.com/VivianBala?ref_src=twsrc%5Egoogle%7Ctwcamp%5Eserp%7Ctwgr%5Eauthor
Don Wee,https://upload.wikimedia.org/wikipedia/commons/thumb/e/e5/Don_Wee_dated_120721_%28cropped%29.jpg/220px-Don_Wee_dated_120721_%28cropped%29.jpg,984,https://www.todayonline.com/singapore/ge2020-paps-new-candidates-chua-chu-kang-grc-come-less-represented-backgrounds-say-their
Tan Chuan-Jin,https://upload.wikimedia.org/wikipedia/commons/thumb/6/61/Tan_Chuan_Jin.jpg/220px-Tan_Chuan_Jin.jpg,1253,https://www.instagram.com/chuanjin1/